{
  "bezier": {
    "start point": [
      32.43470616439045,
      -2.14901062001006,
      15.104495338593978
    ],
    "control two": [
      245.67771998520004,
      -58.00561307736891,
      12.946146685374913
    ],
    "end point": [
      61.12334983038903,
      -61.6136176934586,
      156.79688145113775
    ],
    "control one": [
      99.51918130971188,
      192.04829921474388,
      124.4342960368206
    ],
    "number of points": [
      20.0
    ]
  }
}